seed,baseline,arrivals,admissions,rejected_admissions,admission_rate,departures,active_services,service_slots,sla_violations,sla_violation_rate,availability,avg_end_to_end_delay,avg_cpu_utilization,avg_bandwidth_utilization,avg_cpu_capacity_degradation,avg_bandwidth_capacity_degradation,prediction_runtime_seconds,selector_candidate_count,selector_selected_count,selector_pending_count,avg_active_pending_plans,max_active_pending_plans,runtime_seconds,avg_step_runtime_seconds,num_records,migrations,avg_risk,avg_estimated_cost,avg_realized_cost,avg_disruption,avg_post_risk,avg_risk_reduction,accepted_reconfigurations,node_migrations,link_reroutes,avg_node_migration_cost,avg_link_reroute_cost,reconfig_sla_violations
0,static,44,27,17,0.6136363636363636,27,0,445,254,0.5707865168539326,1.0,87.0524101186985,0.09109877450550392,0.06868715392316097,0.7341481452950496,0.6282156948625323,0.0,0,0,0,0.0,0,0.4323862409219146,0.004323862409219146,0.0,0.0,0.0,0.0,0.0,0.0,0.0,0.0,0.0,0.0,0.0,0.0,0.0,0.0
0,reactive_full,44,28,16,0.6363636363636364,28,0,461,245,0.5314533622559653,0.9848156182212582,81.89355367797597,0.09477201589461988,0.06855613485991116,0.7341481452950496,0.6282156948625323,0.0,0,0,0,0.0,0,1.1278095762245357,0.011278095762245357,183.0,183.0,0.0,1.0,0.9996877439500391,1.0,0.0,0.0,183.0,1441.0,1360.0,0.5999999999999982,0.39968774395003887,183.0
0,proactive_heuristic,44,28,16,0.6363636363636364,28,0,461,267,0.579175704989154,0.9045553145336226,83.08058083569993,0.09477201589461988,0.06815391594272095,0.7341481452950496,0.6282156948625323,0.3082654441241175,0,0,0,0.0,0,1.2662718950305134,0.012662718950305135,209.0,173.0,0.6348861533658142,1.0,0.8277511961722488,0.8277511961722488,0.616471862038178,0.01841429132763631,173.0,1365.0,1246.0,0.49665071770334795,0.33110047846889906,148.0
0,stgcn_all_risky,44,27,17,0.6136363636363636,27,0,445,254,0.5707865168539326,1.0,86.92267497191195,0.09109877450550392,0.06858966420272504,0.7341481452950496,0.6282156948625323,2.9577856815885752,215,215,0,0.0,0,3.490877903532237,0.03490877903532237,1.0,1.0,0.5069898068904877,1.0,1.0,1.0,0.47790060440699256,0.03870909412701928,1.0,2.0,1.0,0.6,0.4,0.0
0,stgcn_topk_heuristic,44,27,17,0.6136363636363636,27,0,445,254,0.5707865168539326,1.0,86.92267497191195,0.09109877450550392,0.06858966420272504,0.7341481452950496,0.6282156948625323,1.0683429965283722,215,48,0,0.0,0,1.5249063957016915,0.015249063957016916,1.0,1.0,0.5069898068904877,1.0,1.0,1.0,0.47790060440699256,0.03870909412701928,1.0,2.0,1.0,0.6,0.4,0.0
1,static,44,28,16,0.6363636363636364,28,0,508,372,0.7322834645669292,0.9901574803149606,87.97122806254411,0.0972627395831501,0.07661348876745178,0.7333346200752975,0.62864093299388,0.0,0,0,0,0.0,0,0.4631827180273831,0.004631827180273831,0.0,0.0,0.0,0.0,0.0,0.0,0.0,0.0,0.0,0.0,0.0,0.0,0.0,0.0
1,reactive_full,44,28,16,0.6363636363636364,28,0,508,345,0.6791338582677166,1.0,85.85783239837825,0.0972627395831501,0.07405921166800188,0.7333346200752975,0.62864093299388,0.0,0,0,0,0.0,0,1.3865137766115367,0.013865137766115367,285.0,285.0,0.0,1.0,0.999391812865497,1.0,0.0,0.0,285.0,2147.0,2015.0,0.5999999999999968,0.3993918128654989,285.0
1,proactive_heuristic,44,28,16,0.6363636363636364,28,0,508,381,0.75,0.9311023622047244,86.9896191094899,0.0972627395831501,0.07585174623605319,0.7333346200752975,0.62864093299388,0.30964860366657376,0,0,0,0.0,0,1.3439725993666798,0.013439725993666798,234.0,205.0,0.6228282444040074,1.0,0.8760683760683761,0.8760683760683761,0.6030274969469661,0.01980074745704112,205.0,1641.0,1514.0,0.5256410256410237,0.35042735042735085,174.0
1,stgcn_all_risky,44,28,16,0.6363636363636364,28,0,508,372,0.7322834645669292,0.9901574803149606,87.97122806254411,0.0972627395831501,0.07661348876745178,0.7333346200752975,0.62864093299388,1.074509127996862,219,219,0,0.0,0,1.547747439937666,0.01547747439937666,0.0,0.0,0.0,0.0,0.0,0.0,0.0,0.0,0.0,0.0,0.0,0.0,0.0,0.0
1,stgcn_topk_heuristic,44,28,16,0.6363636363636364,28,0,508,372,0.7322834645669292,0.9901574803149606,87.97122806254411,0.0972627395831501,0.07661348876745178,0.7333346200752975,0.62864093299388,1.0664869772735983,219,47,0,0.0,0,1.601160011254251,0.01601160011254251,0.0,0.0,0.0,0.0,0.0,0.0,0.0,0.0,0.0,0.0,0.0,0.0,0.0,0.0
2,static,44,28,16,0.6363636363636364,28,0,424,263,0.6202830188679245,1.0,86.86708134528828,0.07309898953851193,0.06263190537581516,0.7327643136134562,0.6284430257055645,0.0,0,0,0,0.0,0,0.37956645246595144,0.0037956645246595144,0.0,0.0,0.0,0.0,0.0,0.0,0.0,0.0,0.0,0.0,0.0,0.0,0.0,0.0
2,reactive_full,44,28,16,0.6363636363636364,28,0,424,204,0.4811320754716981,0.9599056603773585,81.3432434701966,0.07309898953851193,0.05993330747894542,0.7327643136134562,0.6284430257055645,0.0,0,0,0,0.0,0,1.0575992101803422,0.010575992101803423,186.0,186.0,0.0,1.0,0.9994777265745008,1.0,0.0,0.0,186.0,1532.0,1450.0,0.5999999999999981,0.39947772657450065,186.0
2,proactive_heuristic,44,28,16,0.6363636363636364,28,0,424,251,0.5919811320754716,0.9528301886792453,87.17113647632513,0.07309898953851193,0.06211728542843674,0.7327643136134562,0.6284430257055645,0.30867019831202924,0,0,0,0.0,0,1.1955875740386546,0.011955875740386545,193.0,173.0,0.6304088424248137,1.0,0.8963730569948186,0.8963730569948186,0.6095121470993017,0.020896695325512145,173.0,1310.0,1195.0,0.5378238341968897,0.35854922279792695,132.0
2,stgcn_all_risky,44,28,16,0.6363636363636364,28,0,424,250,0.589622641509434,1.0,86.1082994413642,0.07309898953851193,0.06231146802010868,0.7327643136134562,0.6284430257055645,1.0688757300376892,168,168,0,0.0,0,1.594919242663309,0.01594919242663309,2.0,2.0,0.5029411092400551,1.0,1.0,1.0,0.47605434887939024,0.03644789506991705,2.0,5.0,3.0,0.6,0.4,1.0
2,stgcn_topk_heuristic,44,28,16,0.6363636363636364,28,0,424,263,0.6202830188679245,1.0,87.01207170956837,0.07309898953851193,0.0628407371971234,0.7327643136134562,0.6284430257055645,1.067339593777433,171,39,0,0.0,0,1.5881781079806387,0.015881781079806388,1.0,1.0,0.5025496631860733,1.0,1.0,1.0,0.4710279802481333,0.04056592285633087,1.0,2.0,1.0,0.6,0.4,0.0
3,static,44,28,16,0.6363636363636364,28,0,490,248,0.5061224489795918,1.0,83.08028853189424,0.09796424180287662,0.07166547419420712,0.7334594256205763,0.6283752513928964,0.0,0,0,0,0.0,0,0.38447269261814654,0.0038447269261814654,0.0,0.0,0.0,0.0,0.0,0.0,0.0,0.0,0.0,0.0,0.0,0.0,0.0,0.0
3,reactive_full,44,28,16,0.6363636363636364,28,0,490,163,0.3326530612244898,1.0,73.48648299122526,0.09796424180287662,0.06441812813720943,0.7334594256205763,0.6283752513928964,0.0,0,0,0,0.0,0,0.9454873988870531,0.009454873988870531,152.0,152.0,0.0,1.0,1.0,1.0,0.0,0.0,152.0,1252.0,1176.0,0.599999999999999,0.399999999999999,152.0
3,proactive_heuristic,44,28,16,0.6363636363636364,28,0,490,256,0.5224489795918368,0.9,81.93834371011684,0.09796424180287662,0.07030922091463462,0.7334594256205763,0.6283752513928964,0.3101517530158162,0,0,0,0.0,0,1.2875108364969492,0.012875108364969492,217.0,193.0,0.6215445810871306,0.9971033574720211,0.8865042791310073,0.8894009216589862,0.6016437679295391,0.019900813157591932,193.0,1479.0,1363.0,0.5316655694535861,0.3548387096774195,142.0
3,stgcn_all_risky,44,28,16,0.6363636363636364,28,0,490,248,0.5061224489795918,1.0,83.08797474514552,0.09796424180287662,0.07166547419420712,0.7334594256205763,0.6283752513928964,1.0698378118686378,227,227,0,0.0,0,1.6079880653414875,0.016079880653414876,1.0,1.0,0.5056724846363068,1.0,1.0,1.0,0.5002431670824686,0.014402558406194088,1.0,2.0,1.0,0.6,0.4,0.0
3,stgcn_topk_heuristic,44,28,16,0.6363636363636364,28,0,490,248,0.5061224489795918,1.0,83.08028853189424,0.09796424180287662,0.07166547419420712,0.7334594256205763,0.6283752513928964,1.072192898252979,226,46,0,0.0,0,1.6063687955029309,0.01606368795502931,0.0,0.0,0.0,0.0,0.0,0.0,0.0,0.0,0.0,0.0,0.0,0.0,0.0,0.0
4,static,44,28,16,0.6363636363636364,28,0,474,255,0.5379746835443038,1.0,78.84493517356128,0.09005986971597624,0.06789905522694434,0.7331691325714789,0.6282531488883186,0.0,0,0,0,0.0,0,0.38136840937659144,0.0038136840937659146,0.0,0.0,0.0,0.0,0.0,0.0,0.0,0.0,0.0,0.0,0.0,0.0,0.0,0.0
4,reactive_full,44,28,16,0.6363636363636364,28,0,474,194,0.4092827004219409,1.0,78.14437521434976,0.09005986971597624,0.06882721374899405,0.7331691325714789,0.6282531488883186,0.0,0,0,0,0.0,0,1.0297838326077908,0.010297838326077908,174.0,174.0,0.0,1.0,0.9991288086115672,1.0,0.0,0.0,174.0,1467.0,1399.0,0.5999999999999984,0.3991288086115668,174.0
4,proactive_heuristic,44,28,16,0.6363636363636364,28,0,474,258,0.5443037974683544,0.9514767932489452,80.72995446738429,0.09005986971597624,0.07192936628955969,0.7331691325714789,0.6282531488883186,0.3099996105302125,0,0,0,0.0,0,1.2418542618397623,0.012418542618397622,202.0,178.0,0.6224294545824176,1.0,0.8811881188118812,0.8811881188118812,0.6033638839841906,0.019065570598226673,178.0,1377.0,1261.0,0.5287128712871272,0.3524752475247521,142.0
4,stgcn_all_risky,44,28,16,0.6363636363636364,28,0,474,255,0.5379746835443038,1.0,78.69783740444429,0.09005986971597624,0.06761514783404216,0.7331691325714789,0.6282531488883186,1.0694052486214787,206,206,0,0.0,0,1.6069957071449608,0.016069957071449606,3.0,3.0,0.5144945234060287,1.0,1.0,1.0,0.4721779541836844,0.05113845566908517,3.0,6.0,3.0,0.6,0.4000000000000001,0.0
4,stgcn_topk_heuristic,44,28,16,0.6363636363636364,28,0,474,255,0.5379746835443038,1.0,78.84493517356128,0.09005986971597624,0.06789905522694434,0.7331691325714789,0.6282531488883186,1.065228994237259,212,46,0,0.0,0,1.516064581926912,0.01516064581926912,0.0,0.0,0.0,0.0,0.0,0.0,0.0,0.0,0.0,0.0,0.0,0.0,0.0,0.0
5,static,44,28,16,0.6363636363636364,28,0,503,335,0.6660039761431411,1.0,86.4291746718536,0.09345797632983968,0.07566818250335623,0.7338501585851263,0.6286157539220847,0.0,0,0,0,0.0,0,0.3829241949133575,0.003829241949133575,0.0,0.0,0.0,0.0,0.0,0.0,0.0,0.0,0.0,0.0,0.0,0.0,0.0,0.0
5,reactive_full,44,28,16,0.6363636363636364,28,0,503,219,0.43538767395626243,1.0,77.71641269456572,0.09345797632983968,0.0676234236734369,0.7338501585851263,0.6286157539220847,0.0,0,0,0,0.0,0,1.0624758368358016,0.010624758368358016,180.0,180.0,0.0,1.0,0.9995555555555556,1.0,0.0,0.0,180.0,1466.0,1359.0,0.5999999999999983,0.39955555555555533,180.0
5,proactive_heuristic,44,27,17,0.6136363636363636,27,0,482,333,0.6908713692946058,0.8755186721991701,88.29784626552681,0.08791394776151257,0.07192073495594149,0.7338501585851263,0.6286157539220847,0.3094549241941422,0,0,0,0.0,0,1.3228062724228948,0.013228062724228948,224.0,198.0,0.6256426395403322,1.0,0.8839285714285714,0.8839285714285714,0.6055281668459013,0.020114472694431017,198.0,1554.0,1433.0,0.530357142857141,0.35357142857142876,170.0
5,stgcn_all_risky,44,28,16,0.6363636363636364,28,0,503,335,0.6660039761431411,1.0,86.30755108010743,0.09345797632983968,0.0754118561279804,0.7338501585851263,0.6286157539220847,1.0734923933632672,225,225,0,0.0,0,1.6176588458474725,0.016176588458474726,1.0,1.0,0.5075480490922928,1.0,1.0,1.0,0.4798364887634913,0.0371835629145304,1.0,2.0,1.0,0.6,0.4,0.0
5,stgcn_topk_heuristic,44,28,16,0.6363636363636364,28,0,503,335,0.6660039761431411,1.0,86.30755108010743,0.09345797632983968,0.0754118561279804,0.7338501585851263,0.6286157539220847,1.0717095197178423,225,48,0,0.0,0,1.6153257510159165,0.016153257510159166,1.0,1.0,0.5075480490922928,1.0,1.0,1.0,0.4798364887634913,0.0371835629145304,1.0,2.0,1.0,0.6,0.4,0.0
6,static,44,28,16,0.6363636363636364,28,0,451,256,0.5676274944567627,0.9889135254988913,87.02053212914582,0.09479992305334642,0.06792364177812013,0.7334322425993802,0.6285315777016222,0.0,0,0,0,0.0,0,0.3835877904202789,0.003835877904202789,0.0,0.0,0.0,0.0,0.0,0.0,0.0,0.0,0.0,0.0,0.0,0.0,0.0,0.0
6,reactive_full,44,28,16,0.6363636363636364,28,0,451,190,0.4212860310421286,0.9844789356984479,84.03491349647787,0.09479992305334642,0.06669514146350357,0.7334322425993802,0.6285315777016222,0.0,0,0,0,0.0,0,0.9868601732887328,0.009868601732887328,149.0,149.0,0.0,1.0,0.9997017151379567,1.0,0.0,0.0,149.0,1298.0,1226.0,0.5999999999999991,0.3997017151379558,149.0
6,proactive_heuristic,44,28,16,0.6363636363636364,28,0,451,279,0.6186252771618626,0.9135254988913526,91.79897403729014,0.09479992305334642,0.07394096076918105,0.7334322425993802,0.6285315777016222,0.3102865556720644,0,0,0,0.0,0,1.2744797128252685,0.012744797128252685,202.0,178.0,0.6229155482533156,1.0,0.8811881188118812,0.8811881188118812,0.6037311402512043,0.01918440800211105,178.0,1424.0,1336.0,0.5287128712871272,0.3524752475247521,151.0
6,stgcn_all_risky,44,28,16,0.6363636363636364,28,0,451,256,0.5676274944567627,0.9889135254988913,86.92438584310995,0.09479992305334642,0.06786600820446415,0.7334322425993802,0.6285315777016222,1.0676831358578056,205,205,0,0.0,0,1.6034895826596767,0.016034895826596767,3.0,3.0,0.5076895207166672,1.0,1.0,1.0,0.48031444516446853,0.036941584613588076,3.0,6.0,3.0,0.6,0.4000000000000001,0.0
6,stgcn_topk_heuristic,44,28,16,0.6363636363636364,28,0,451,256,0.5676274944567627,0.9889135254988913,87.02053212914582,0.09479992305334642,0.06792364177812013,0.7334322425993802,0.6285315777016222,1.0645985857117921,210,39,0,0.0,0,1.5145653409417719,0.015145653409417719,0.0,0.0,0.0,0.0,0.0,0.0,0.0,0.0,0.0,0.0,0.0,0.0,0.0,0.0
7,static,44,28,16,0.6363636363636364,28,0,434,309,0.7119815668202765,1.0,84.71292958600198,0.0861473900721991,0.05999749265668928,0.7333168249461752,0.6283953800927532,0.0,0,0,0,0.0,0,0.4631134271621704,0.004631134271621704,0.0,0.0,0.0,0.0,0.0,0.0,0.0,0.0,0.0,0.0,0.0,0.0,0.0,0.0
7,reactive_full,44,28,16,0.6363636363636364,28,0,434,228,0.5253456221198156,1.0,78.95444650151173,0.0861473900721991,0.059734182206308765,0.7333168249461752,0.6283953800927532,0.0,0,0,0,0.0,0,1.0787072905804962,0.010787072905804962,201.0,201.0,0.0,1.0,1.0,1.0,0.0,0.0,201.0,1583.0,1470.0,0.5999999999999979,0.4000000000000003,201.0
7,proactive_heuristic,44,28,16,0.6363636363636364,28,0,434,307,0.7073732718894009,0.9262672811059908,83.98738591848831,0.0861473900721991,0.061775470594790424,0.7333168249461752,0.6283953800927532,0.3090599086135626,0,0,0,0.0,0,1.1813162814360112,0.011813162814360113,177.0,156.0,0.6328604897478668,1.0,0.8813559322033898,0.8813559322033898,0.6138579897110148,0.019002500036852464,156.0,1210.0,1125.0,0.5288135593220329,0.35254237288135504,127.0
7,stgcn_all_risky,44,28,16,0.6363636363636364,28,0,434,309,0.7119815668202765,1.0,84.89321027470996,0.0861473900721991,0.060240263214869,0.7333168249461752,0.6283953800927532,1.0724066798575222,198,198,0,0.0,0,1.5988664932083338,0.015988664932083337,1.0,1.0,0.5024002492427826,0.4,0.4,1.0,0.49313690265019733,0.018664290507634462,1.0,1.0,1.0,0.19999999999999998,0.2,0.0
7,stgcn_topk_heuristic,44,28,16,0.6363636363636364,28,0,434,309,0.7119815668202765,1.0,84.71292958600198,0.0861473900721991,0.05999749265668928,0.7333168249461752,0.6283953800927532,1.0687086801044643,198,41,0,0.0,0,1.5204416576307267,0.015204416576307268,0.0,0.0,0.0,0.0,0.0,0.0,0.0,0.0,0.0,0.0,0.0,0.0,0.0,0.0
8,static,44,28,16,0.6363636363636364,28,0,407,179,0.4398034398034398,1.0,78.21408094043063,0.06723433322287269,0.05542063971408643,0.7325683986292839,0.628461369193987,0.0,0,0,0,0.0,0,0.45828359364531934,0.004582835936453193,0.0,0.0,0.0,0.0,0.0,0.0,0.0,0.0,0.0,0.0,0.0,0.0,0.0,0.0
8,reactive_full,44,28,16,0.6363636363636364,28,0,407,113,0.27764127764127766,1.0,74.31914009599213,0.06723433322287269,0.053821543449874484,0.7325683986292839,0.628461369193987,0.0,0,0,0,0.0,0,0.7849599805194885,0.007849599805194885,113.0,113.0,0.0,1.0,0.9989886219974715,1.0,0.0,0.0,113.0,975.0,873.0,0.6000000000000006,0.39898862199747076,113.0
8,proactive_heuristic,44,28,16,0.6363636363636364,28,0,407,174,0.4275184275184275,0.9385749385749386,78.53217124109665,0.06723433322287269,0.0570165626837936,0.7325683986292839,0.628461369193987,0.3095623317640275,0,0,0,0.0,0,1.1111541464924812,0.011111541464924813,163.0,145.0,0.6284037611592109,1.0,0.8895705521472392,0.8895705521472392,0.6077637627222388,0.020639998436972465,145.0,1084.0,939.0,0.5337423312883428,0.3558282208588948,99.0
8,stgcn_all_risky,44,28,16,0.6363636363636364,28,0,407,179,0.4398034398034398,1.0,77.67066248515351,0.06723433322287269,0.05500446854328525,0.7325683986292839,0.628461369193987,1.0660790672991425,166,166,0,0.0,0,1.5825821363832802,0.0158258213638328,1.0,1.0,0.5002698451280594,1.0,1.0,1.0,0.4752497871716817,0.03879477580388385,1.0,2.0,1.0,0.6,0.4,0.0
8,stgcn_topk_heuristic,44,28,16,0.6363636363636364,28,0,407,179,0.4398034398034398,1.0,78.21408094043063,0.06723433322287269,0.05542063971408643,0.7325683986292839,0.628461369193987,1.0651363567449152,173,42,0,0.0,0,1.508570535806939,0.01508570535806939,0.0,0.0,0.0,0.0,0.0,0.0,0.0,0.0,0.0,0.0,0.0,0.0,0.0,0.0
9,static,44,28,16,0.6363636363636364,28,0,410,223,0.5439024390243903,1.0,84.2828486209603,0.07179354651042034,0.0584515871871871,0.7339974206751697,0.6283003466790629,0.0,0,0,0,0.0,0,0.46189305232837796,0.004618930523283779,0.0,0.0,0.0,0.0,0.0,0.0,0.0,0.0,0.0,0.0,0.0,0.0,0.0,0.0
9,reactive_full,44,28,16,0.6363636363636364,28,0,410,200,0.4878048780487805,0.9878048780487805,82.73152278929611,0.07179354651042034,0.05629722189379421,0.7339974206751697,0.6283003466790629,0.0,0,0,0,0.0,0,1.0387468270491809,0.010387468270491808,185.0,185.0,0.0,1.0,0.9997297297297296,1.0,0.0,0.0,185.0,1540.0,1454.0,0.5999999999999982,0.39972972972972953,185.0
9,proactive_heuristic,44,28,16,0.6363636363636364,28,0,410,225,0.5487804878048781,0.9365853658536586,83.86901353841814,0.07179354651042034,0.05779605597784742,0.7339974206751697,0.6283003466790629,0.31107726809568703,0,0,0,0.0,0,1.1871150233782828,0.011871150233782829,179.0,164.0,0.6272548767853746,1.0,0.9162011173184358,0.9162011173184358,0.6055283198757296,0.021726556909645117,164.0,1240.0,1149.0,0.5497206703910602,0.36648044692737347,127.0
9,stgcn_all_risky,44,28,16,0.6363636363636364,28,0,410,223,0.5439024390243903,1.0,83.8141406611307,0.07179354651042034,0.058177252120058726,0.7339974206751697,0.6283003466790629,1.0704476786777377,172,172,0,0.0,0,1.6008734381757677,0.016008734381757678,3.0,3.0,0.5052511791388193,1.0,1.0,1.0,0.4746356474028693,0.039972914589775956,3.0,6.0,3.0,0.6,0.4000000000000001,0.0
9,stgcn_topk_heuristic,44,28,16,0.6363636363636364,28,0,410,223,0.5439024390243903,1.0,83.8141406611307,0.07179354651042034,0.058177252120058726,0.7339974206751697,0.6283003466790629,1.0654714507982135,172,44,0,0.0,0,1.5188429453410208,0.015188429453410209,3.0,3.0,0.5052511791388193,1.0,1.0,1.0,0.4746356474028693,0.039972914589775956,3.0,6.0,3.0,0.6,0.4000000000000001,0.0
